epoch,step,test_bps_bhv,test_bps_enc,test_loss,time_forward,train_bps_enc,train_loss,valid_bps_bhv,valid_bps_enc,valid_loss
0,5,,,,,,,-0.10525525361299515,-0.035158462822437286,3777.770751953125
0,5,,,,2.2845547199249268,-0.02256675809621811,3654.620361328125,,,
1,11,,,,,,,-0.10344540327787399,-0.008185134269297123,3729.4775390625
1,11,,,,2.111023187637329,0.015251671895384789,3560.013916015625,,,
2,17,,,,,,,-0.10380701720714569,0.0169846061617136,3694.331787109375
2,17,,,,2.1366684436798096,0.0461752787232399,3510.60498046875,,,
3,23,,,,,,,-0.10716965049505234,0.044238824397325516,3666.677490234375
3,23,,,,2.0332608222961426,0.0760750100016594,3474.9296875,,,
4,29,,,,,,,-0.11665336787700653,0.10601745545864105,3630.547119140625
4,29,,,,1.9514693021774292,0.11637036502361298,3444.1171875,,,
5,35,,,,,,,-0.09257180243730545,0.17288106679916382,3586.7958984375
5,35,,,,2.1996607780456543,0.2032114565372467,3405.93994140625,,,
6,41,,,,,,,-0.07257283478975296,0.21846245229244232,3565.947021484375
6,41,,,,2.162330150604248,0.24373167753219604,3371.15185546875,,,
7,47,,,,,,,-0.09417314827442169,0.23914703726768494,3541.882568359375
7,47,,,,2.0411438941955566,0.2895134389400482,3346.073974609375,,,
8,53,,,,,,,-0.09908588975667953,0.2505075931549072,3527.237548828125
8,53,,,,2.1792521476745605,0.30904000997543335,3327.753662109375,,,
9,59,,,,,,,-0.0662379190325737,0.2533230483531952,3529.753662109375
9,59,,,,2.0929114818573,0.3197077214717865,3316.731689453125,,,
10,65,,,,,,,-0.08141299337148666,0.25661319494247437,3515.863037109375
10,65,,,,2.1265900135040283,0.3255033791065216,3310.51708984375,,,
11,71,,,,,,,-0.061715222895145416,0.2672411799430847,3512.412109375
11,71,,,,2.075378656387329,0.327273964881897,3304.80126953125,,,
12,77,,,,,,,-0.08487601578235626,0.26340267062187195,3507.763671875
12,77,,,,2.113856792449951,0.33506882190704346,3300.76171875,,,
13,83,,,,,,,-0.07074077427387238,0.26746073365211487,3506.55078125
13,83,,,,2.2162907123565674,0.3322034180164337,3297.576904296875,,,
14,89,,,,,,,-0.0894378051161766,0.26476767659187317,3503.949951171875
14,89,,,,2.1555380821228027,0.33435991406440735,3294.854736328125,,,
15,95,,,,,,,-0.0755699947476387,0.2654567360877991,3503.265380859375
15,95,,,,2.1823503971099854,0.3339928090572357,3292.56103515625,,,
16,101,,,,,,,-0.08420164883136749,0.2684665620326996,3497.16552734375
16,101,,,,2.231119394302368,0.3328610956668854,3290.50390625,,,
17,107,,,,,,,-0.07627604901790619,0.2672452926635742,3497.580078125
17,107,,,,2.1565680503845215,0.33397406339645386,3288.40673828125,,,
18,113,,,,,,,-0.09297487139701843,0.2658107280731201,3494.902587890625
18,113,,,,2.076115846633911,0.33222532272338867,3286.958740234375,,,
19,119,,,,,,,-0.07218663394451141,0.26556241512298584,3494.81591796875
19,119,,,,2.119885206222534,0.3309377431869507,3284.992431640625,,,
20,125,,,,,,,-0.09895025193691254,0.26359155774116516,3493.871337890625
20,125,,,,2.0896313190460205,0.3320677876472473,3283.35498046875,,,
21,131,,,,,,,-0.06770569831132889,0.26829901337623596,3492.260498046875
21,131,,,,2.1476407051086426,0.33251953125,3281.63330078125,,,
22,137,,,,,,,-0.09036035090684891,0.2681867778301239,3490.015869140625
22,137,,,,2.1403048038482666,0.3352701663970947,3279.36376953125,,,
23,143,,,,,,,-0.07035339623689651,0.28734320402145386,3484.10546875
23,143,,,,2.047961711883545,0.3452848792076111,3274.61669921875,,,
24,149,,,,,,,-0.0823059156537056,0.30068063735961914,3473.31640625
24,149,,,,2.223444938659668,0.3638461232185364,3266.706787109375,,,
25,155,,,,,,,-0.0972425788640976,0.31095626950263977,3466.564697265625
25,155,,,,2.1512343883514404,0.3816840946674347,3259.576904296875,,,
26,161,,,,,,,-0.062226105481386185,0.32080429792404175,3461.6455078125
26,161,,,,2.140244245529175,0.3894027769565582,3254.032470703125,,,
27,167,,,,,,,-0.10377176851034164,0.3179149329662323,3460.204345703125
27,167,,,,2.129728317260742,0.39134857058525085,3249.88134765625,,,
28,173,,,,,,,-0.0511191226541996,0.32363614439964294,3454.931640625
28,173,,,,2.0160415172576904,0.39140209555625916,3246.896728515625,,,
29,179,,,,,,,-0.07291994243860245,0.3245508074760437,3452.843505859375
29,179,,,,2.046776056289673,0.3937491476535797,3243.83154296875,,,
30,185,,,,,,,-0.0449867844581604,0.32883965969085693,3449.97802734375
30,185,,,,2.2099149227142334,0.39489054679870605,3241.814453125,,,
31,191,,,,,,,-0.06065377593040466,0.3289204239845276,3449.67041015625
31,191,,,,2.1255042552948,0.39668259024620056,3240.39501953125,,,
32,197,,,,,,,-0.07974056154489517,0.32555004954338074,3449.329833984375
32,197,,,,2.0833561420440674,0.3993642032146454,3238.02197265625,,,
33,203,,,,,,,-0.050775572657585144,0.3302460014820099,3446.68359375
33,203,,,,2.2474074363708496,0.40170520544052124,3236.486572265625,,,
34,209,,,,,,,-0.06653822958469391,0.3342370092868805,3446.472900390625
34,209,,,,2.087547540664673,0.4049023687839508,3235.18701171875,,,
35,215,,,,,,,-0.03244459629058838,0.3387695252895355,3445.32373046875
35,215,,,,2.195209264755249,0.40791255235671997,3233.6298828125,,,
36,221,,,,,,,-0.04965726658701897,0.33892449736595154,3444.81201171875
36,221,,,,2.250460624694824,0.41108134388923645,3232.004638671875,,,
37,227,,,,,,,-0.06260252743959427,0.34576156735420227,3441.606689453125
37,227,,,,2.1433286666870117,0.41516003012657166,3230.224365234375,,,
38,233,,,,,,,-0.07749120891094208,0.3399806618690491,3444.65625
38,233,,,,2.181342601776123,0.417860209941864,3228.95751953125,,,
39,239,,,,,,,-0.053793177008628845,0.34357884526252747,3442.656005859375
39,239,,,,2.1702327728271484,0.41727954149246216,3228.42578125,,,
40,245,,,,,,,-0.07840071618556976,0.3523971736431122,3438.680419921875
40,245,,,,2.080939769744873,0.4202940762042999,3226.618896484375,,,
41,251,,,,,,,-0.06552475690841675,0.35150498151779175,3435.396240234375
41,251,,,,2.0517525672912598,0.42361944913864136,3224.744140625,,,
42,257,,,,,,,-0.026691347360610962,0.357679545879364,3431.65283203125
42,257,,,,2.0235595703125,0.42575183510780334,3222.917236328125,,,
43,263,,,,,,,-0.05273083597421646,0.359941691160202,3432.8828125
43,263,,,,2.1745717525482178,0.42735323309898376,3221.34765625,,,
44,269,,,,,,,-0.009814231656491756,0.3568683862686157,3431.79931640625
44,269,,,,2.2191717624664307,0.4298107326030731,3219.776611328125,,,
45,275,,,,,,,-0.05666179582476616,0.3595731854438782,3430.177978515625
45,275,,,,2.156630754470825,0.43087345361709595,3218.064453125,,,
46,281,,,,,,,-0.03872531279921532,0.36343827843666077,3426.64892578125
46,281,,,,2.25539493560791,0.43263617157936096,3216.23974609375,,,
47,287,,,,,,,-0.041288599371910095,0.36173927783966064,3427.699462890625
47,287,,,,2.224064588546753,0.4356003701686859,3215.3271484375,,,
48,293,,,,,,,0.0020284168422222137,0.36727651953697205,3426.54150390625
48,293,,,,2.1035828590393066,0.43668705224990845,3213.71826171875,,,
49,299,,,,,,,-0.0804620087146759,0.3666974902153015,3424.84423828125
49,299,,,,2.1943843364715576,0.4404999613761902,3212.591552734375,,,
50,305,,,,,,,-0.05534684658050537,0.3743583858013153,3421.305419921875
50,305,,,,2.1400339603424072,0.4417097270488739,3211.368896484375,,,
51,311,,,,,,,0.0008988530607894063,0.3741448223590851,3421.77587890625
51,311,,,,2.1280696392059326,0.4453451633453369,3209.5712890625,,,
52,317,,,,,,,-0.09475718438625336,0.37490397691726685,3422.952880859375
52,317,,,,2.0807087421417236,0.44631901383399963,3208.029541015625,,,
53,323,,,,,,,-0.00530041940510273,0.3742094337940216,3418.2412109375
53,323,,,,2.2054760456085205,0.44888681173324585,3207.19482421875,,,
54,329,,,,,,,-0.04732498526573181,0.3780728578567505,3419.758056640625
54,329,,,,2.1443700790405273,0.44942474365234375,3206.2021484375,,,
55,335,,,,,,,-0.0802188590168953,0.3752475678920746,3418.47705078125
55,335,,,,2.175849437713623,0.4511706233024597,3204.596923828125,,,
56,341,,,,,,,-0.012319765985012054,0.38196855783462524,3414.37939453125
56,341,,,,2.11275053024292,0.4544674754142761,3203.035400390625,,,
57,347,,,,,,,-0.04862099513411522,0.3783854842185974,3417.283203125
57,347,,,,2.0823121070861816,0.45448216795921326,3202.26708984375,,,
58,353,,,,,,,-0.019436253234744072,0.3820846378803253,3416.405517578125
58,353,,,,2.1161739826202393,0.4540068507194519,3201.733154296875,,,
59,359,,,,,,,-0.033924225717782974,0.37904253602027893,3415.234130859375
59,359,,,,2.1159372329711914,0.45503121614456177,3200.860107421875,,,
60,365,,,,,,,-0.04113578423857689,0.3773380517959595,3412.50927734375
60,365,,,,2.133387804031372,0.4554291367530823,3200.12451171875,,,
61,371,,,,,,,-0.019374355673789978,0.3813134431838989,3412.62060546875
61,371,,,,2.0916855335235596,0.4558860957622528,3198.826416015625,,,
62,377,,,,,,,-0.0011908692540600896,0.38453489542007446,3411.050537109375
62,377,,,,2.1221253871917725,0.455949604511261,3198.141357421875,,,
63,383,,,,,,,-0.027001723647117615,0.37831100821495056,3411.354248046875
63,383,,,,2.2493622303009033,0.4578874409198761,3197.610595703125,,,
64,389,,,,,,,-0.06503431499004364,0.3812830448150635,3410.709228515625
64,389,,,,2.190493106842041,0.45668143033981323,3197.3359375,,,
65,395,,,,,,,-0.014095557853579521,0.38405415415763855,3409.7158203125
65,395,,,,2.22062349319458,0.4584098160266876,3196.769287109375,,,
66,401,,,,,,,0.013969983905553818,0.3805958926677704,3411.495849609375
66,401,,,,2.1409735679626465,0.46166956424713135,3195.515380859375,,,
67,407,,,,,,,-0.11345451325178146,0.38380008935928345,3410.12060546875
67,407,,,,2.14532470703125,0.4617612659931183,3194.93994140625,,,
68,413,,,,,,,0.001090173958800733,0.3876136839389801,3406.663818359375
68,413,,,,2.104550361633301,0.46404704451560974,3194.384765625,,,
69,419,,,,,,,0.017499351873993874,0.388972669839859,3407.229248046875
69,419,,,,2.1361265182495117,0.4655568599700928,3194.031494140625,,,
70,425,,,,,,,-0.0637694001197815,0.38678333163261414,3407.178466796875
70,425,,,,2.147047281265259,0.46895360946655273,3192.483154296875,,,
71,431,,,,,,,-0.036411989480257034,0.3925043046474457,3407.89013671875
71,431,,,,2.0651659965515137,0.47073882818222046,3192.4140625,,,
72,437,,,,,,,0.03999703750014305,0.39306992292404175,3404.91748046875
72,437,,,,2.2035698890686035,0.471780002117157,3191.56689453125,,,
73,443,,,,,,,-0.02914564497768879,0.3932817876338959,3406.7939453125
73,443,,,,2.1271262168884277,0.47385385632514954,3190.912841796875,,,
74,449,,,,,,,0.012326281517744064,0.39696618914604187,3404.313720703125
74,449,,,,2.2303969860076904,0.47525036334991455,3190.566650390625,,,
75,455,,,,,,,0.032207369804382324,0.3985345661640167,3404.243408203125
75,455,,,,2.1054635047912598,0.4782974421977997,3189.313232421875,,,
76,461,,,,,,,0.01623266376554966,0.39651936292648315,3403.600341796875
76,461,,,,2.2570362091064453,0.4784879684448242,3189.554931640625,,,
77,467,,,,,,,-0.0012806064914911985,0.39768725633621216,3404.35498046875
77,467,,,,2.2102668285369873,0.4790874123573303,3189.445556640625,,,
78,473,,,,,,,-0.030476894229650497,0.4015361964702606,3403.653076171875
78,473,,,,2.151089906692505,0.48060306906700134,3188.756103515625,,,
79,479,,,,,,,0.0453617237508297,0.40065276622772217,3400.876708984375
79,479,,,,2.1392016410827637,0.4812644422054291,3187.646484375,,,
80,485,,,,,,,-0.06070086732506752,0.4034867584705353,3403.16455078125
80,485,,,,2.189164638519287,0.4818822145462036,3188.0126953125,,,
81,491,,,,,,,0.01911136321723461,0.40498706698417664,3401.313720703125
81,491,,,,2.1139354705810547,0.4839330017566681,3186.9990234375,,,
82,497,,,,,,,-0.02410406991839409,0.4036455452442169,3401.53759765625
82,497,,,,2.106981039047241,0.483890563249588,3186.557373046875,,,
83,503,,,,,,,-0.028761520981788635,0.4025477468967438,3402.771240234375
83,503,,,,2.1767501831054688,0.4850689172744751,3186.69140625,,,
84,509,,,,,,,-0.004415782634168863,0.40556302666664124,3400.533203125
84,509,,,,2.1144638061523438,0.48498299717903137,3186.27783203125,,,
85,515,,,,,,,-0.020076556131243706,0.40577301383018494,3401.005615234375
85,515,,,,2.1132421493530273,0.48515021800994873,3185.86669921875,,,
86,521,,,,,,,-0.018345486372709274,0.40254393219947815,3400.58251953125
86,521,,,,2.1922762393951416,0.4851171672344208,3185.52001953125,,,
87,527,,,,,,,0.018043402582406998,0.40704357624053955,3400.535400390625
87,527,,,,2.162884473800659,0.48711010813713074,3184.966796875,,,
88,533,,,,,,,0.04283338412642479,0.4052931070327759,3399.601806640625
88,533,,,,2.1210615634918213,0.4872012138366699,3184.208251953125,,,
89,539,,,,,,,0.01355831790715456,0.4114512801170349,3400.31884765625
89,539,,,,2.184556722640991,0.4860713481903076,3185.110595703125,,,
90,545,,,,,,,-0.006252581719309092,0.40671506524086,3401.278564453125
90,545,,,,2.16800856590271,0.48976728320121765,3184.039794921875,,,
91,551,,,,,,,-0.026986323297023773,0.40717390179634094,3398.76416015625
91,551,,,,2.147554397583008,0.48858121037483215,3183.784423828125,,,
92,557,,,,,,,0.05759382247924805,0.4093495309352875,3399.80419921875
92,557,,,,2.1860225200653076,0.48812469840049744,3184.187744140625,,,
93,563,,,,,,,0.038948919624090195,0.40935173630714417,3399.0302734375
93,563,,,,2.118040084838867,0.4902413487434387,3183.182373046875,,,
94,569,,,,,,,0.005141973029822111,0.411549836397171,3398.362060546875
94,569,,,,2.1683945655822754,0.4890791177749634,3183.6259765625,,,
95,575,,,,,,,-0.002328429138287902,0.4101163446903229,3398.054443359375
95,575,,,,2.1496243476867676,0.49192190170288086,3182.91796875,,,
96,581,,,,,,,0.021141260862350464,0.4114854633808136,3396.84130859375
96,581,,,,2.1687915325164795,0.4922817647457123,3182.044677734375,,,
97,587,,,,,,,0.02349693886935711,0.41420674324035645,3400.871826171875
97,587,,,,2.157179832458496,0.49131858348846436,3182.4404296875,,,
98,593,,,,,,,-0.030636228621006012,0.41081008315086365,3401.951416015625
98,593,,,,2.179979085922241,0.4935019314289093,3182.93017578125,,,
99,599,,,,,,,-0.004336410667747259,0.4132020175457001,3399.805419921875
99,599,,,,2.104848861694336,0.49207016825675964,3182.879150390625,,,
100,605,,,,,,,0.04505371302366257,0.41529032588005066,3395.833740234375
100,605,,,,2.160011053085327,0.4946572482585907,3182.1787109375,,,
101,611,,,,,,,0.005782275460660458,0.41555067896842957,3396.7333984375
101,611,,,,2.089938163757324,0.4949147701263428,3181.459716796875,,,
102,617,,,,,,,-0.020390192046761513,0.41624823212623596,3395.598876953125
102,617,,,,2.2469115257263184,0.4967007637023926,3180.791259765625,,,
103,623,,,,,,,0.02151620201766491,0.4141385555267334,3395.568115234375
103,623,,,,2.1744842529296875,0.4976750314235687,3179.973388671875,,,
104,629,,,,,,,-0.016324179247021675,0.4177870750427246,3395.841796875
104,629,,,,2.25671124458313,0.49707722663879395,3179.76025390625,,,
105,635,,,,,,,0.035040758550167084,0.41927722096443176,3394.03564453125
105,635,,,,2.0436713695526123,0.4992169141769409,3179.07763671875,,,
106,641,,,,,,,0.003560761222615838,0.41954275965690613,3392.93603515625
106,641,,,,2.091313123703003,0.4999887943267822,3178.430419921875,,,
107,647,,,,,,,-0.0009098110604099929,0.41828399896621704,3394.087890625
107,647,,,,2.1371631622314453,0.4988774061203003,3178.505126953125,,,
108,653,,,,,,,0.006090877112001181,0.4217781126499176,3394.001220703125
108,653,,,,2.1245992183685303,0.49979549646377563,3178.37451171875,,,
109,659,,,,,,,-0.0356135368347168,0.4233205020427704,3392.114990234375
109,659,,,,2.1849122047424316,0.5013416409492493,3177.8701171875,,,
110,665,,,,,,,0.02246362715959549,0.4220677316188812,3392.09423828125
110,665,,,,2.189152240753174,0.5022290349006653,3177.361328125,,,
111,671,,,,,,,-0.007398138754069805,0.420054167509079,3391.731201171875
111,671,,,,2.1806113719940186,0.5012212991714478,3177.062255859375,,,
112,677,,,,,,,-0.0358181856572628,0.42091381549835205,3392.024169921875
112,677,,,,2.1794638633728027,0.5023685693740845,3177.386962890625,,,
113,683,,,,,,,-0.024617614224553108,0.42448869347572327,3392.31103515625
113,683,,,,2.0301530361175537,0.5040549635887146,3176.244140625,,,
114,689,,,,,,,0.04741886630654335,0.4246748089790344,3388.664794921875
114,689,,,,2.1354551315307617,0.5041393637657166,3175.62109375,,,
115,695,,,,,,,0.047083910554647446,0.42612990736961365,3390.13623046875
115,695,,,,2.1002402305603027,0.5046617984771729,3175.39794921875,,,
116,701,,,,,,,-0.034276656806468964,0.42394551634788513,3389.31591796875
116,701,,,,2.143040180206299,0.5046261548995972,3175.239013671875,,,
117,707,,,,,,,0.03202078863978386,0.4258684515953064,3389.766845703125
117,707,,,,2.0409650802612305,0.5059288740158081,3174.724853515625,,,
118,713,,,,,,,0.050986140966415405,0.4261553883552551,3387.621337890625
118,713,,,,2.1252572536468506,0.5054597854614258,3174.576171875,,,
119,719,,,,,,,-0.02587778866291046,0.42771586775779724,3388.240966796875
119,719,,,,2.3021347522735596,0.5049260854721069,3174.669921875,,,
120,725,,,,,,,-0.03158039599657059,0.4299158751964569,3386.39794921875
120,725,,,,2.148467779159546,0.5061931014060974,3173.930419921875,,,
121,731,,,,,,,0.044710464775562286,0.42607954144477844,3389.2607421875
121,731,,,,2.1372289657592773,0.5057395696640015,3174.5185546875,,,
122,737,,,,,,,-0.039108552038669586,0.42659667134284973,3389.199462890625
122,737,,,,2.137465715408325,0.5071436166763306,3173.845458984375,,,
123,743,,,,,,,-0.02877810411155224,0.42813608050346375,3387.26220703125
123,743,,,,2.183675765991211,0.506545901298523,3173.689697265625,,,
124,749,,,,,,,0.02215176820755005,0.4312310218811035,3386.193115234375
124,749,,,,2.1863253116607666,0.507234513759613,3172.964111328125,,,
125,755,,,,,,,-0.018032148480415344,0.4281459450721741,3386.393798828125
125,755,,,,2.1898036003112793,0.5080655813217163,3172.881103515625,,,
126,761,,,,,,,0.03995468467473984,0.427662193775177,3385.9091796875
126,761,,,,2.1654741764068604,0.508382260799408,3172.2890625,,,
127,767,,,,,,,-0.0551430843770504,0.42780813574790955,3390.0419921875
127,767,,,,2.2573184967041016,0.5076227784156799,3173.14501953125,,,
128,773,,,,,,,0.069869764149189,0.43010422587394714,3385.34814453125
128,773,,,,2.089059829711914,0.508897066116333,3173.113525390625,,,
129,779,,,,,,,0.030384784564375877,0.42895060777664185,3385.664306640625
129,779,,,,2.0787105560302734,0.5091390609741211,3172.310302734375,,,
130,785,,,,,,,0.021235737949609756,0.4352691173553467,3387.552490234375
130,785,,,,2.1142354011535645,0.5088403820991516,3171.802978515625,,,
131,791,,,,,,,0.014304054901003838,0.43536555767059326,3385.9619140625
131,791,,,,2.133470058441162,0.5088681578636169,3172.863525390625,,,
132,797,,,,,,,0.04702764004468918,0.4350334107875824,3387.265625
132,797,,,,2.1778459548950195,0.5088917016983032,3172.285400390625,,,
133,803,,,,,,,0.033634282648563385,0.43401193618774414,3385.69287109375
133,803,,,,2.126328945159912,0.5105676054954529,3172.071044921875,,,
134,809,,,,,,,0.04465774446725845,0.4329708218574524,3384.74951171875
134,809,,,,2.213217258453369,0.5123873949050903,3171.227783203125,,,
135,815,,,,,,,0.08539430052042007,0.4342704117298126,3384.815185546875
135,815,,,,2.1821658611297607,0.5113853216171265,3171.13623046875,,,
136,821,,,,,,,0.01279421802610159,0.4361339807510376,3385.273681640625
136,821,,,,2.142253875732422,0.5114578008651733,3171.98583984375,,,
137,827,,,,,,,0.03181377053260803,0.43390634655952454,3384.7783203125
137,827,,,,2.2092597484588623,0.512671709060669,3171.011962890625,,,
138,833,,,,,,,0.05744130536913872,0.4334983825683594,3384.638671875
138,833,,,,2.1039650440216064,0.5130193829536438,3171.302978515625,,,
139,839,,,,,,,-0.031424909830093384,0.434785932302475,3385.4658203125
139,839,,,,2.1339614391326904,0.5113527774810791,3172.635498046875,,,
140,845,,,,,,,-0.05511820316314697,0.4362719655036926,3384.00830078125
140,845,,,,2.182915687561035,0.5119825601577759,3171.921630859375,,,
141,851,,,,,,,-0.0226961150765419,0.4364660084247589,3384.39306640625
141,851,,,,2.0791337490081787,0.5146531462669373,3170.72802734375,,,
142,857,,,,,,,0.01620778813958168,0.4362391233444214,3384.853759765625
142,857,,,,2.132920503616333,0.5157939195632935,3170.016845703125,,,
143,863,,,,,,,0.05524911358952522,0.438795268535614,3384.388916015625
143,863,,,,2.1801674365997314,0.514446496963501,3170.472900390625,,,
144,869,,,,,,,0.007598048076033592,0.4384194016456604,3383.04150390625
144,869,,,,2.1317214965820312,0.515292763710022,3170.300048828125,,,
145,875,,,,,,,0.02262710966169834,0.4358270764350891,3383.870361328125
145,875,,,,2.2504425048828125,0.5158517360687256,3169.87744140625,,,
146,881,,,,,,,0.05455993488430977,0.44045212864875793,3382.657958984375
146,881,,,,2.1126699447631836,0.5158950686454773,3169.977294921875,,,
147,887,,,,,,,0.006230369675904512,0.43727779388427734,3384.791748046875
147,887,,,,2.1900618076324463,0.5160211324691772,3169.96337890625,,,
148,893,,,,,,,0.03916541114449501,0.43794381618499756,3382.356201171875
148,893,,,,2.168546438217163,0.5157108902931213,3170.12841796875,,,
149,899,,,,,,,0.054911188781261444,0.4399281442165375,3383.661376953125
149,899,,,,2.1937267780303955,0.5175594687461853,3168.90380859375,,,
150,905,,,,,,,0.04489734023809433,0.4391933083534241,3383.835205078125
150,905,,,,2.1813089847564697,0.5191479921340942,3168.477294921875,,,
151,911,,,,,,,0.034805603325366974,0.44361525774002075,3382.32275390625
151,911,,,,2.1987709999084473,0.5186859369277954,3169.603515625,,,
152,917,,,,,,,0.06195925921201706,0.4409133791923523,3382.47998046875
152,917,,,,2.2133443355560303,0.5194740295410156,3168.500732421875,,,
153,923,,,,,,,-0.014866170473396778,0.4384152591228485,3383.44384765625
153,923,,,,2.1881325244903564,0.5198504328727722,3168.685546875,,,
154,929,,,,,,,0.01405735220760107,0.44102925062179565,3383.987060546875
154,929,,,,2.1896941661834717,0.5191012620925903,3169.1064453125,,,
155,935,,,,,,,0.06015770137310028,0.4421790540218353,3381.788818359375
155,935,,,,2.149742603302002,0.518609344959259,3169.14306640625,,,
156,941,,,,,,,0.0559699684381485,0.44372227787971497,3381.934326171875
156,941,,,,2.1033382415771484,0.5203964710235596,3168.50244140625,,,
157,947,,,,,,,0.06205787509679794,0.4468802511692047,3383.324951171875
157,947,,,,2.139836072921753,0.5182554721832275,3169.33056640625,,,
158,953,,,,,,,0.05514782667160034,0.4428311586380005,3381.745849609375
158,953,,,,2.1708269119262695,0.5216716527938843,3168.37109375,,,
159,959,,,,,,,0.05496390163898468,0.44345778226852417,3381.4755859375
159,959,,,,2.0997939109802246,0.5216224789619446,3167.962646484375,,,
160,965,,,,,,,0.029766401275992393,0.4454773962497711,3383.561279296875
160,965,,,,2.115917921066284,0.5228136777877808,3167.888427734375,,,
161,971,,,,,,,0.018009047955274582,0.44578787684440613,3386.538330078125
161,971,,,,2.1439597606658936,0.5219116806983948,3167.86376953125,,,
162,977,,,,,,,0.05244830250740051,0.4440363645553589,3382.037109375
162,977,,,,2.075019359588623,0.5223382115364075,3169.06103515625,,,
163,983,,,,,,,0.05047200620174408,0.4486813247203827,3380.176025390625
163,983,,,,2.097259044647217,0.5224682688713074,3168.43017578125,,,
164,989,,,,,,,0.0015921693993732333,0.4482715427875519,3380.06787109375
164,989,,,,2.1036460399627686,0.5227758884429932,3167.84814453125,,,
165,995,,,,,,,0.014142646454274654,0.445563405752182,3381.3193359375
165,995,,,,2.0989608764648438,0.5251531600952148,3167.000244140625,,,
166,1001,,,,,,,0.03441200405359268,0.445257306098938,3381.109375
166,1001,,,,2.178288698196411,0.5237782001495361,3166.99267578125,,,
167,1007,,,,,,,-0.007379184477031231,0.4471616744995117,3380.51318359375
167,1007,,,,2.114208698272705,0.5257248282432556,3167.05810546875,,,
168,1013,,,,,,,0.04471638798713684,0.44840922951698303,3380.738037109375
168,1013,,,,2.2054147720336914,0.5261499285697937,3166.59228515625,,,
169,1019,,,,,,,0.05461236461997032,0.4466414749622345,3381.008056640625
169,1019,,,,1.984606146812439,0.5269559025764465,3166.40673828125,,,
170,1025,,,,,,,0.018795950338244438,0.4505038559436798,3380.01611328125
170,1025,,,,2.175408124923706,0.5261926651000977,3166.7822265625,,,
171,1031,,,,,,,0.07079704105854034,0.4518211781978607,3379.313720703125
171,1031,,,,2.1421141624450684,0.5278155207633972,3166.476318359375,,,
172,1037,,,,,,,0.03306831419467926,0.45179983973503113,3378.354248046875
172,1037,,,,2.199253559112549,0.5281170606613159,3166.5263671875,,,
173,1043,,,,,,,-0.06048081815242767,0.4502779543399811,3381.2060546875
173,1043,,,,2.1734700202941895,0.5277743935585022,3166.639892578125,,,
174,1049,,,,,,,0.004267404787242413,0.4488513767719269,3382.44091796875
174,1049,,,,2.1735708713531494,0.5278768539428711,3167.530029296875,,,
175,1055,,,,,,,0.08608672767877579,0.4563186764717102,3380.13623046875
175,1055,,,,2.1706666946411133,0.528039813041687,3166.51123046875,,,
176,1061,,,,,,,0.04831475764513016,0.45212504267692566,3378.54052734375
176,1061,,,,2.123246908187866,0.5304037928581238,3166.256103515625,,,
177,1067,,,,,,,-0.013532847166061401,0.44904789328575134,3380.428466796875
177,1067,,,,2.0890560150146484,0.5299019813537598,3165.8447265625,,,
178,1073,,,,,,,0.02732098661363125,0.4489997327327728,3382.82177734375
178,1073,,,,2.074387550354004,0.5298118591308594,3167.2109375,,,
179,1079,,,,,,,0.027425238862633705,0.4520454406738281,3378.78857421875
179,1079,,,,2.2768735885620117,0.5296241641044617,3166.615966796875,,,
180,1085,,,,,,,-0.007626480422914028,0.4511430859565735,3379.01611328125
180,1085,,,,2.0666885375976562,0.5310282111167908,3166.343994140625,,,
181,1091,,,,,,,0.03656451404094696,0.4519492983818054,3378.7587890625
181,1091,,,,2.210320234298706,0.529915988445282,3166.79638671875,,,
182,1097,,,,,,,0.07117405533790588,0.455382376909256,3377.487060546875
182,1097,,,,2.1851117610931396,0.5314999222755432,3165.54638671875,,,
183,1103,,,,,,,-0.009047171100974083,0.4525461196899414,3379.454345703125
183,1103,,,,2.2023985385894775,0.5325900316238403,3164.820556640625,,,
184,1109,,,,,,,0.06353247910737991,0.4551803171634674,3378.52099609375
184,1109,,,,2.2103021144866943,0.5333016514778137,3164.93408203125,,,
185,1115,,,,,,,0.02515159733593464,0.45475518703460693,3377.5732421875
185,1115,,,,2.20009708404541,0.5335389375686646,3164.92431640625,,,
186,1121,,,,,,,0.06119486317038536,0.4587680697441101,3377.459228515625
186,1121,,,,2.1567258834838867,0.5337594747543335,3164.458740234375,,,
187,1127,,,,,,,0.07014518976211548,0.45698171854019165,3378.619140625
187,1127,,,,2.2164738178253174,0.5348429679870605,3165.04931640625,,,
188,1133,,,,,,,-0.020751511678099632,0.4556848704814911,3379.113525390625
188,1133,,,,2.1409389972686768,0.5349322557449341,3164.506103515625,,,
189,1139,,,,,,,0.050332214683294296,0.4555422365665436,3377.1767578125
189,1139,,,,2.0842864513397217,0.5358351469039917,3164.34228515625,,,
190,1145,,,,,,,0.052897579967975616,0.4590875804424286,3377.544189453125
190,1145,,,,2.1981592178344727,0.5350711941719055,3164.610595703125,,,
191,1151,,,,,,,0.03349419683218002,0.4619889259338379,3377.35107421875
191,1151,,,,2.166449785232544,0.5370930433273315,3164.072021484375,,,
192,1157,,,,,,,0.045371200889348984,0.4604870676994324,3375.506591796875
192,1157,,,,2.105663299560547,0.5397315621376038,3163.40234375,,,
193,1163,,,,,,,0.04883423075079918,0.4619700610637665,3376.144775390625
193,1163,,,,2.1665232181549072,0.5388659238815308,3163.727783203125,,,
194,1169,,,,,,,0.04953613504767418,0.46290308237075806,3377.26220703125
194,1169,,,,2.1526284217834473,0.5394386053085327,3163.370849609375,,,
195,1175,,,,,,,0.00025588436983525753,0.4592244327068329,3380.72119140625
195,1175,,,,2.18969464302063,0.5403220057487488,3163.69287109375,,,
196,1181,,,,,,,-0.0075302268378436565,0.4616313576698303,3377.57861328125
196,1181,,,,2.1577515602111816,0.5386442542076111,3164.423095703125,,,
197,1187,,,,,,,0.06294785439968109,0.4637514650821686,3374.79638671875
197,1187,,,,2.2035744190216064,0.5400374531745911,3163.61376953125,,,
198,1193,,,,,,,0.05924374982714653,0.4645724892616272,3375.57373046875
198,1193,,,,2.109947919845581,0.5403199195861816,3163.530029296875,,,
199,1199,,,,,,,0.006326326634734869,0.46453115344047546,3374.5869140625
199,1199,,,,2.2034988403320312,0.5412561297416687,3163.351806640625,,,
200,1205,,,,,,,0.03258083388209343,0.46462205052375793,3374.847412109375
200,1205,,,,2.131527900695801,0.5405591726303101,3163.638671875,,,
201,1211,,,,,,,-0.031909726560115814,0.4671401381492615,3374.151123046875
201,1211,,,,2.07246470451355,0.5417697429656982,3162.772705078125,,,
202,1217,,,,,,,0.03217242285609245,0.46700602769851685,3375.463134765625
202,1217,,,,2.2299623489379883,0.5425159931182861,3162.826904296875,,,
203,1223,,,,,,,0.024266958236694336,0.4646620750427246,3374.083251953125
203,1223,,,,2.089942693710327,0.5432690382003784,3162.59521484375,,,
204,1229,,,,,,,0.06256905943155289,0.463890016078949,3375.616455078125
204,1229,,,,2.0582222938537598,0.5430543422698975,3162.9873046875,,,
205,1235,,,,,,,0.0015296791680157185,0.46536073088645935,3378.103759765625
205,1235,,,,2.221073627471924,0.5448240041732788,3162.993896484375,,,
206,1241,,,,,,,-0.02224772423505783,0.46710434556007385,3375.3896484375
206,1241,,,,2.1012723445892334,0.5441331267356873,3162.982421875,,,
207,1247,,,,,,,0.0609762966632843,0.4675629138946533,3376.473388671875
207,1247,,,,2.2253060340881348,0.5460416674613953,3162.47265625,,,
208,1253,,,,,,,0.040589362382888794,0.4714772403240204,3373.95166015625
208,1253,,,,2.080833911895752,0.5460975766181946,3162.421630859375,,,
209,1259,,,,,,,0.044415783137083054,0.4663259983062744,3375.125
209,1259,,,,1.986994981765747,0.5476997494697571,3162.25244140625,,,
210,1265,,,,,,,0.034033212810754776,0.4661663770675659,3378.359375
210,1265,,,,2.0314111709594727,0.546497642993927,3162.810302734375,,,
211,1271,,,,,,,0.039771657437086105,0.468300998210907,3375.29052734375
211,1271,,,,2.011653423309326,0.5468608140945435,3162.30126953125,,,
212,1277,,,,,,,0.013237870298326015,0.4714038670063019,3373.504150390625
212,1277,,,,1.9912339448928833,0.5469056367874146,3162.7177734375,,,
213,1283,,,,,,,-0.06622607260942459,0.47052398324012756,3375.53759765625
213,1283,,,,1.9840054512023926,0.549267053604126,3162.324951171875,,,
214,1289,,,,,,,-0.0023337602615356445,0.4687438905239105,3375.70556640625
214,1289,,,,1.9853096008300781,0.5482723116874695,3162.104248046875,,,
215,1295,,,,,,,0.016243325546383858,0.4697651267051697,3374.3017578125
215,1295,,,,2.0203654766082764,0.5461931228637695,3162.527099609375,,,
216,1301,,,,,,,0.0014434958575293422,0.4689500331878662,3374.386474609375
216,1301,,,,1.9608359336853027,0.5477365851402283,3162.520751953125,,,
217,1307,,,,,,,0.052756600081920624,0.47167128324508667,3374.419189453125
217,1307,,,,2.00486421585083,0.5479578375816345,3162.505859375,,,
218,1313,,,,,,,0.006993284448981285,0.4723844826221466,3373.150390625
218,1313,,,,2.0266146659851074,0.548528790473938,3161.68994140625,,,
219,1319,,,,,,,0.02998792938888073,0.472082257270813,3374.380615234375
219,1319,,,,2.0121755599975586,0.5499891638755798,3161.69873046875,,,
220,1325,,,,,,,0.06490074843168259,0.47442302107810974,3374.8388671875
220,1325,,,,2.000253677368164,0.5509141683578491,3160.920166015625,,,
221,1331,,,,,,,0.005951976869255304,0.4732167422771454,3375.334228515625
221,1331,,,,1.9971973896026611,0.5502299070358276,3161.117919921875,,,
222,1337,,,,,,,0.012738539837300777,0.467259019613266,3378.1376953125
222,1337,,,,2.1157894134521484,0.5504102110862732,3161.40625,,,
223,1343,,,,,,,0.021915726363658905,0.47437918186187744,3375.572509765625
223,1343,,,,2.108218193054199,0.5468930602073669,3163.353515625,,,
224,1349,,,,,,,0.05542029067873955,0.47487935423851013,3373.240966796875
224,1349,,,,2.1011526584625244,0.5505387187004089,3161.93603515625,,,
225,1355,,,,,,,0.0560789555311203,0.4724540114402771,3373.4267578125
225,1355,,,,2.100273609161377,0.5519466996192932,3160.586669921875,,,
226,1361,,,,,,,0.04566262289881706,0.47264155745506287,3373.525634765625
226,1361,,,,2.059572696685791,0.5517928004264832,3160.49169921875,,,
227,1367,,,,,,,0.037021491676568985,0.47218191623687744,3373.127197265625
227,1367,,,,2.0651395320892334,0.5526307225227356,3160.242431640625,,,
228,1373,,,,,,,0.038733016699552536,0.475892037153244,3372.765625
228,1373,,,,2.0618324279785156,0.5515381693840027,3160.8330078125,,,
229,1379,,,,,,,0.03616854548454285,0.47644779086112976,3374.1123046875
229,1379,,,,2.096930742263794,0.5533888339996338,3159.78515625,,,
230,1385,,,,,,,0.041207455098629,0.4777364134788513,3372.608154296875
230,1385,,,,2.0436768531799316,0.5531452298164368,3160.930419921875,,,
231,1391,,,,,,,0.06454386562108994,0.47639983892440796,3372.6279296875
231,1391,,,,2.0997931957244873,0.5536332130432129,3160.528076171875,,,
232,1397,,,,,,,0.02243104949593544,0.4755101501941681,3373.27978515625
232,1397,,,,2.0683045387268066,0.5542322993278503,3159.778076171875,,,
233,1403,,,,,,,0.00588237913325429,0.4781248867511749,3372.802001953125
233,1403,,,,2.0828821659088135,0.5555030703544617,3159.380615234375,,,
234,1409,,,,,,,0.07469306141138077,0.47800958156585693,3374.099365234375
234,1409,,,,2.093738555908203,0.5557764172554016,3159.50146484375,,,
235,1415,,,,,,,-0.008446553722023964,0.4741886258125305,3375.98779296875
235,1415,,,,2.070185899734497,0.5536581873893738,3161.042724609375,,,
236,1421,,,,,,,-0.0067317732609808445,0.47632187604904175,3374.621337890625
236,1421,,,,2.0548675060272217,0.5519084930419922,3162.547607421875,,,
237,1427,,,,,,,0.06521379202604294,0.4788016378879547,3374.46630859375
237,1427,,,,2.0584542751312256,0.5533803105354309,3162.066650390625,,,
238,1433,,,,,,,0.02275978960096836,0.47694000601768494,3374.5419921875
238,1433,,,,2.0693016052246094,0.5552012920379639,3160.611572265625,,,
239,1439,,,,,,,-0.09286589175462723,0.476449191570282,3375.8515625
239,1439,,,,2.0627522468566895,0.5552517175674438,3160.515380859375,,,
240,1445,,,,,,,-0.009541169740259647,0.47799673676490784,3373.265380859375
240,1445,,,,2.0704898834228516,0.5553544759750366,3160.952880859375,,,
241,1451,,,,,,,0.0780518427491188,0.48120176792144775,3372.427001953125
241,1451,,,,2.069004535675049,0.5564022660255432,3159.7568359375,,,
242,1457,,,,,,,0.006302337162196636,0.47575947642326355,3373.846923828125
242,1457,,,,2.079634428024292,0.5543627738952637,3160.995361328125,,,
243,1463,,,,,,,0.03511924296617508,0.4776279628276825,3373.53515625
243,1463,,,,2.062492609024048,0.5540611147880554,3161.494140625,,,
244,1469,,,,,,,0.06284449249505997,0.4767763316631317,3373.533447265625
244,1469,,,,2.049290418624878,0.5576002597808838,3159.838623046875,,,
245,1475,,,,,,,0.03257935121655464,0.4787534475326538,3375.53515625
245,1475,,,,2.0312275886535645,0.5565841197967529,3159.565185546875,,,
246,1481,,,,,,,0.049150530248880386,0.48079249262809753,3374.541015625
246,1481,,,,2.055508852005005,0.5568855404853821,3160.705810546875,,,
247,1487,,,,,,,-0.004691805690526962,0.47807425260543823,3372.55810546875
247,1487,,,,2.0321218967437744,0.5576369166374207,3159.26708984375,,,
248,1493,,,,,,,0.011415877379477024,0.4768247604370117,3372.378173828125
248,1493,,,,2.0409302711486816,0.5552307367324829,3160.2744140625,,,
249,1499,,,,,,,0.0745198056101799,0.4768710434436798,3371.97265625
249,1499,,,,2.0884199142456055,0.5581676959991455,3159.08447265625,,,
250,1505,,,,,,,0.08307534456253052,0.4788632094860077,3372.1796875
250,1505,,,,2.0686442852020264,0.5580310225486755,3159.658203125,,,
251,1511,,,,,,,0.00876552052795887,0.4782787561416626,3371.437255859375
251,1511,,,,2.05667781829834,0.556863009929657,3160.439208984375,,,
252,1517,,,,,,,0.06528723984956741,0.48036569356918335,3370.896240234375
252,1517,,,,2.07517147064209,0.5586564540863037,3159.2587890625,,,
253,1523,,,,,,,0.07868444174528122,0.48145991563796997,3371.650390625
253,1523,,,,2.0495259761810303,0.5598384737968445,3158.754638671875,,,
254,1529,,,,,,,-0.006394444033503532,0.4818289577960968,3373.1025390625
254,1529,,,,2.0655603408813477,0.5585492849349976,3159.656982421875,,,
255,1535,,,,,,,-0.09644590318202972,0.47966456413269043,3374.98095703125
255,1535,,,,2.0816025733947754,0.5604650378227234,3159.259033203125,,,
256,1541,,,,,,,0.037135809659957886,0.4821717441082001,3372.962158203125
256,1541,,,,2.051908016204834,0.559458315372467,3159.472900390625,,,
257,1547,,,,,,,0.07394317537546158,0.48339080810546875,3371.38623046875
257,1547,,,,2.0815815925598145,0.5592801570892334,3160.28173828125,,,
258,1553,,,,,,,0.027958329766988754,0.48503315448760986,3372.6015625
258,1553,,,,2.0424110889434814,0.561416745185852,3159.25390625,,,
259,1559,,,,,,,0.035970114171504974,0.4838176369667053,3371.592529296875
259,1559,,,,2.0997674465179443,0.5616141557693481,3158.5595703125,,,
260,1565,,,,,,,0.042969025671482086,0.4824520945549011,3372.441650390625
260,1565,,,,2.069890022277832,0.5613977909088135,3158.319091796875,,,
261,1571,,,,,,,0.009270180948078632,0.4837300181388855,3371.209228515625
261,1571,,,,2.049941301345825,0.5627664923667908,3157.776611328125,,,
262,1577,,,,,,,0.050671618431806564,0.48483821749687195,3371.568359375
262,1577,,,,2.068946599960327,0.561242938041687,3158.695068359375,,,
263,1583,,,,,,,0.06344451755285263,0.4858706295490265,3373.294677734375
263,1583,,,,2.0558900833129883,0.5613438487052917,3158.87158203125,,,
264,1589,,,,,,,0.07611197233200073,0.48551610112190247,3371.650390625
264,1589,,,,2.0911033153533936,0.5620784163475037,3158.842529296875,,,
265,1595,,,,,,,0.08645544946193695,0.48435699939727783,3371.985595703125
265,1595,,,,2.0948703289031982,0.5611681938171387,3158.749267578125,,,
266,1601,,,,,,,0.05241601541638374,0.4837152659893036,3373.58056640625
266,1601,,,,2.067976474761963,0.5638778805732727,3157.700927734375,,,
267,1607,,,,,,,-0.0001306076446780935,0.48551827669143677,3371.642578125
267,1607,,,,2.074981927871704,0.5622305274009705,3158.46923828125,,,
268,1613,,,,,,,0.054990265518426895,0.4847027659416199,3370.32080078125
268,1613,,,,2.0614173412323,0.5646615028381348,3157.46240234375,,,
269,1619,,,,,,,0.05604637786746025,0.4847473204135895,3369.540283203125
269,1619,,,,2.060377836227417,0.5621775984764099,3158.104736328125,,,
270,1625,,,,,,,0.012545442208647728,0.4845809042453766,3371.218505859375
270,1625,,,,2.0612432956695557,0.5640637874603271,3157.483154296875,,,
271,1631,,,,,,,0.019606251269578934,0.48682525753974915,3369.900634765625
271,1631,,,,2.0611703395843506,0.5644896626472473,3158.118896484375,,,
272,1637,,,,,,,0.062317319214344025,0.487315833568573,3371.191650390625
272,1637,,,,2.0495705604553223,0.5637933611869812,3157.625244140625,,,
273,1643,,,,,,,0.046323955059051514,0.4831523597240448,3371.795166015625
273,1643,,,,2.0976202487945557,0.564302921295166,3157.573974609375,,,
274,1649,,,,,,,0.05504297837615013,0.48519957065582275,3370.155029296875
274,1649,,,,2.0638959407806396,0.5647374987602234,3157.648193359375,,,
275,1655,,,,,,,0.04988797381520271,0.48281097412109375,3371.8173828125
275,1655,,,,2.047210931777954,0.5660210847854614,3157.0322265625,,,
276,1661,,,,,,,0.09194837510585785,0.4848563075065613,3371.161376953125
276,1661,,,,2.051427125930786,0.5644789934158325,3158.043212890625,,,
277,1667,,,,,,,0.06273757666349411,0.4882712662220001,3370.181396484375
277,1667,,,,2.0602853298187256,0.5657734870910645,3157.86962890625,,,
278,1673,,,,,,,0.03153182566165924,0.48389923572540283,3371.343505859375
278,1673,,,,2.1267147064208984,0.5666033625602722,3156.963134765625,,,
279,1679,,,,,,,0.0338892787694931,0.48739632964134216,3371.631591796875
279,1679,,,,2.081068515777588,0.5658577084541321,3157.80224609375,,,
280,1685,,,,,,,0.02607681043446064,0.4838184714317322,3376.349365234375
280,1685,,,,2.056582450866699,0.5657199025154114,3157.9560546875,,,
281,1691,,,,,,,0.0676150768995285,0.48734211921691895,3370.7783203125
281,1691,,,,2.0831003189086914,0.5653381943702698,3158.861328125,,,
282,1697,,,,,,,0.06961654126644135,0.4842340648174286,3371.285888671875
282,1697,,,,2.084078073501587,0.5669288039207458,3156.84619140625,,,
283,1703,,,,,,,0.09440533816814423,0.48803257942199707,3368.629638671875
283,1703,,,,2.0804944038391113,0.5651217699050903,3157.4345703125,,,
284,1709,,,,,,,0.02345547452569008,0.49044230580329895,3368.59130859375
284,1709,,,,2.065789222717285,0.5679899454116821,3155.9501953125,,,
285,1715,,,,,,,0.054243337363004684,0.48793351650238037,3370.5771484375
285,1715,,,,2.0776686668395996,0.5677846074104309,3156.063232421875,,,
286,1721,,,,,,,0.05742887035012245,0.4888176918029785,3371.49267578125
286,1721,,,,2.0606417655944824,0.5667335391044617,3156.91357421875,,,
287,1727,,,,,,,0.0568048469722271,0.4880232810974121,3370.68994140625
287,1727,,,,2.0856027603149414,0.5666218996047974,3157.294189453125,,,
288,1733,,,,,,,0.043699365109205246,0.489313006401062,3370.305419921875
288,1733,,,,2.0595550537109375,0.5666884779930115,3156.766845703125,,,
289,1739,,,,,,,0.07187389582395554,0.4891774356365204,3370.268798828125
289,1739,,,,2.074617385864258,0.5679839849472046,3156.746337890625,,,
290,1745,,,,,,,0.07572400569915771,0.4910591244697571,3368.874755859375
290,1745,,,,2.0724830627441406,0.5691341161727905,3155.95751953125,,,
291,1751,,,,,,,0.006371343042701483,0.4906919300556183,3368.464599609375
291,1751,,,,2.0648550987243652,0.5683608651161194,3155.78515625,,,
292,1757,,,,,,,0.055097177624702454,0.48891112208366394,3369.076904296875
292,1757,,,,2.0793492794036865,0.5695010423660278,3156.2568359375,,,
293,1763,,,,,,,0.06855509430170059,0.49035879969596863,3369.096435546875
293,1763,,,,2.057668447494507,0.5681866407394409,3156.013427734375,,,
294,1769,,,,,,,0.05667601153254509,0.49149465560913086,3368.4501953125
294,1769,,,,2.080630302429199,0.5689877867698669,3156.028564453125,,,
295,1775,,,,,,,-0.049590036273002625,0.4756508469581604,3386.525390625
295,1775,,,,2.0989322662353516,0.5610398650169373,3163.10693359375,,,
296,1781,,,,,,,-0.043487902730703354,0.4862757921218872,3373.353759765625
296,1781,,,,2.0743155479431152,0.5619377493858337,3162.66845703125,,,
297,1787,,,,,,,0.02877010963857174,0.49029475450515747,3370.16015625
297,1787,,,,2.0783138275146484,0.5683601498603821,3159.328369140625,,,
298,1793,,,,,,,0.014074231497943401,0.4918861985206604,3369.87451171875
298,1793,,,,2.067009449005127,0.5672768950462341,3157.5615234375,,,
299,1799,,,,,,,0.01027713343501091,0.49307510256767273,3368.8134765625
299,1799,,,,2.0798699855804443,0.5700182914733887,3156.1650390625,,,
300,1805,,,,,,,0.061837539076805115,0.4935802221298218,3368.927490234375
300,1805,,,,2.0353291034698486,0.5712411403656006,3155.455810546875,,,
301,1811,,,,,,,0.07336655259132385,0.49096134305000305,3368.271240234375
301,1811,,,,2.030242919921875,0.5719206929206848,3155.295654296875,,,
302,1817,,,,,,,0.049554493278265,0.4915822744369507,3368.314208984375
302,1817,,,,2.0376782417297363,0.5685018301010132,3156.8349609375,,,
303,1823,,,,,,,0.010905887000262737,0.49159154295921326,3369.474365234375
303,1823,,,,2.003237009048462,0.5709646940231323,3155.93310546875,,,
304,1829,,,,,,,0.08561582863330841,0.49162057042121887,3368.374755859375
304,1829,,,,2.0244903564453125,0.5712882876396179,3155.58935546875,,,
305,1835,,,,,,,0.07502327859401703,0.49294236302375793,3368.619140625
305,1835,,,,1.9842417240142822,0.5721005797386169,3155.572021484375,,,
306,1841,,,,,,,-0.005091624800115824,0.49146124720573425,3368.233154296875
306,1841,,,,2.0223731994628906,0.572081983089447,3155.221923828125,,,
307,1847,,,,,,,0.011450232937932014,0.4920181334018707,3367.406494140625
307,1847,,,,2.070578098297119,0.5717638731002808,3154.869384765625,,,
308,1853,,,,,,,-0.03590821847319603,0.49170711636543274,3368.910400390625
308,1853,,,,2.095980167388916,0.572131335735321,3155.64892578125,,,
309,1859,,,,,,,-0.04907234013080597,0.4931339621543884,3368.4443359375
309,1859,,,,2.0713133811950684,0.5711926221847534,3155.73828125,,,
310,1865,,,,,,,0.037423089146614075,0.4948425889015198,3367.864990234375
310,1865,,,,2.0793545246124268,0.5719517469406128,3155.43408203125,,,
311,1871,,,,,,,0.00851082056760788,0.4924161732196808,3370.042236328125
311,1871,,,,2.0860517024993896,0.5726720094680786,3155.181640625,,,
312,1877,,,,,,,0.06166457384824753,0.49304524064064026,3370.501220703125
312,1877,,,,2.067335367202759,0.5689589381217957,3156.14794921875,,,
313,1883,,,,,,,0.07472889870405197,0.49460551142692566,3368.46728515625
313,1883,,,,2.053440570831299,0.5717720985412598,3155.77783203125,,,
314,1889,,,,,,,0.0382641926407814,0.4908261001110077,3369.245849609375
314,1889,,,,2.054849863052368,0.5716944336891174,3156.189208984375,,,
315,1895,,,,,,,0.0388544425368309,0.4930359423160553,3370.0224609375
315,1895,,,,2.053914785385132,0.5728389620780945,3155.81396484375,,,
316,1901,,,,,,,0.07899482548236847,0.4952748715877533,3367.481201171875
316,1901,,,,2.1021103858947754,0.572192370891571,3155.45947265625,,,
317,1907,,,,,,,0.07699038833379745,0.49373844265937805,3367.8505859375
317,1907,,,,2.0744001865386963,0.5731945037841797,3155.414794921875,,,
318,1913,,,,,,,0.09228096902370453,0.49668964743614197,3366.4384765625
318,1913,,,,2.0958266258239746,0.5728331208229065,3154.923095703125,,,
319,1919,,,,,,,0.033755116164684296,0.492380827665329,3368.044677734375
319,1919,,,,2.047971487045288,0.5750547647476196,3154.853515625,,,
320,1925,,,,,,,0.09286529570817947,0.4959280490875244,3367.59619140625
320,1925,,,,2.072922706604004,0.5719884634017944,3155.55078125,,,
321,1931,,,,,,,0.041805699467659,0.49445053935050964,3367.33203125
321,1931,,,,2.0633468627929688,0.5744103193283081,3154.66064453125,,,
322,1937,,,,,,,-0.02797965332865715,0.4905659854412079,3370.90966796875
322,1937,,,,2.104031562805176,0.5734879970550537,3154.4462890625,,,
323,1943,,,,,,,0.05394747480750084,0.4931254982948303,3369.901123046875
323,1943,,,,2.0877153873443604,0.572367250919342,3156.505126953125,,,
324,1949,,,,,,,-0.05121359974145889,0.4929702877998352,3371.518310546875
324,1949,,,,2.069392442703247,0.5745232701301575,3155.663330078125,,,
325,1955,,,,,,,0.0762559100985527,0.4954662024974823,3367.20166015625
325,1955,,,,2.064993143081665,0.5744045376777649,3155.491943359375,,,
326,1961,,,,,,,0.05760004743933678,0.4981735348701477,3367.768798828125
326,1961,,,,2.0525009632110596,0.574653148651123,3154.4609375,,,
327,1967,,,,,,,0.057948336005210876,0.49575093388557434,3367.6064453125
327,1967,,,,2.0870375633239746,0.5769980549812317,3154.314697265625,,,
328,1973,,,,,,,0.07321935892105103,0.49626481533050537,3365.840087890625
328,1973,,,,2.060520887374878,0.575745701789856,3154.813720703125,,,
329,1979,,,,,,,0.05503468960523605,0.49681341648101807,3366.2548828125
329,1979,,,,2.10296630859375,0.5752362608909607,3154.2880859375,,,
330,1985,,,,,,,0.07218782603740692,0.49617934226989746,3368.69921875
330,1985,,,,2.084207057952881,0.5746052265167236,3154.3388671875,,,
331,1991,,,,,,,0.05824331194162369,0.4954090416431427,3366.5185546875
331,1991,,,,2.0589230060577393,0.5768111944198608,3153.810791015625,,,
332,1997,,,,,,,0.11756880581378937,0.495390385389328,3370.627685546875
332,1997,,,,2.0885844230651855,0.5726644396781921,3157.4208984375,,,
333,2003,,,,,,,0.07299782335758209,0.499196320772171,3368.5849609375
333,2003,,,,2.0680391788482666,0.5745406150817871,3156.857177734375,,,
334,2009,,,,,,,0.10230991989374161,0.49723562598228455,3367.5107421875
334,2009,,,,2.0708067417144775,0.5762303471565247,3155.58642578125,,,
335,2015,,,,,,,0.047895099967718124,0.4987470507621765,3367.0693359375
335,2015,,,,2.0842459201812744,0.5775699019432068,3154.256591796875,,,
336,2021,,,,,,,0.06935769319534302,0.4944327175617218,3369.77685546875
336,2021,,,,2.062931537628174,0.576287031173706,3154.654541015625,,,
337,2027,,,,,,,0.10690102726221085,0.49486252665519714,3369.078125
337,2027,,,,2.0743377208709717,0.5745404362678528,3155.5732421875,,,
338,2033,,,,,,,0.06736452132463455,0.49907588958740234,3367.041015625
338,2033,,,,2.069009304046631,0.5764563083648682,3154.5859375,,,
339,2039,,,,,,,0.04939812049269676,0.4948734939098358,3367.12353515625
339,2039,,,,2.0639808177948,0.5773512721061707,3153.794189453125,,,
340,2045,,,,,,,0.08655762672424316,0.5002530813217163,3365.916015625
340,2045,,,,2.072632074356079,0.5787297487258911,3153.024169921875,,,
341,2051,,,,,,,0.0766201913356781,0.49770694971084595,3368.489013671875
341,2051,,,,2.104109287261963,0.5784212350845337,3153.96337890625,,,
342,2057,,,,,,,0.04089292883872986,0.500956654548645,3367.0126953125
342,2057,,,,2.0694923400878906,0.5798298120498657,3153.616455078125,,,
343,2063,,,,,,,0.024801235646009445,0.4977245032787323,3367.514404296875
343,2063,,,,2.0844709873199463,0.578125,3155.55810546875,,,
344,2069,,,,,,,0.05150620639324188,0.5026403069496155,3365.456298828125
344,2069,,,,2.0639424324035645,0.5783268809318542,3153.810302734375,,,
345,2075,,,,,,,0.10880831629037857,0.502487301826477,3365.024169921875
345,2075,,,,2.0826597213745117,0.5796608924865723,3153.486083984375,,,
346,2081,,,,,,,0.04790131747722626,0.5018277764320374,3366.19873046875
346,2081,,,,2.0464911460876465,0.5788578391075134,3153.2119140625,,,
347,2087,,,,,,,0.027902059257030487,0.5019635558128357,3366.65283203125
347,2087,,,,2.090750217437744,0.5825913548469543,3152.00439453125,,,
348,2093,,,,,,,0.06666646897792816,0.5013054013252258,3368.2255859375
348,2093,,,,2.0759084224700928,0.5827116966247559,3152.382568359375,,,
349,2099,,,,,,,0.06060609966516495,0.5025964975357056,3366.693115234375
349,2099,,,,2.053790807723999,0.5817546844482422,3152.080078125,,,
350,2105,,,,,,,0.05008877441287041,0.4966447949409485,3368.785888671875
350,2105,,,,2.051269292831421,0.5831400752067566,3152.77294921875,,,
351,2111,,,,,,,0.04557466506958008,0.5030359029769897,3365.2939453125
351,2111,,,,1.9918416738510132,0.5800641775131226,3153.278076171875,,,
352,2117,,,,,,,0.06469018012285233,0.5037362575531006,3364.218017578125
352,2117,,,,2.00600528717041,0.5826108455657959,3152.8642578125,,,
353,2123,,,,,,,0.008045845665037632,0.5020706057548523,3365.14990234375
353,2123,,,,2.0632107257843018,0.5807250738143921,3153.385498046875,,,
354,2129,,,,,,,0.05599040165543556,0.503594160079956,3366.190185546875
354,2129,,,,2.076186180114746,0.5829629898071289,3152.602783203125,,,
355,2135,,,,,,,0.016272351145744324,0.5060197114944458,3366.4208984375
355,2135,,,,2.072347402572632,0.5841497182846069,3152.09619140625,,,
356,2141,,,,,,,0.024404972791671753,0.5024475455284119,3365.78173828125
356,2141,,,,2.0798068046569824,0.583881676197052,3151.90771484375,,,
357,2147,,,,,,,0.04235123097896576,0.5037009119987488,3366.528076171875
357,2147,,,,2.0569024085998535,0.5839675664901733,3151.756103515625,,,
358,2153,,,,,,,0.069489486515522,0.5062814354896545,3365.087646484375
358,2153,,,,2.0764007568359375,0.5855332016944885,3151.786865234375,,,
359,2159,,,,,,,0.01669023558497429,0.5056553483009338,3365.416748046875
359,2159,,,,2.059757709503174,0.5839163064956665,3151.794921875,,,
360,2165,,,,,,,0.048912413418293,0.5051608681678772,3366.963134765625
360,2165,,,,2.0818824768066406,0.5840307474136353,3152.234375,,,
361,2171,,,,,,,0.09092128276824951,0.5048025250434875,3366.652587890625
361,2171,,,,2.0829110145568848,0.5849747061729431,3152.255859375,,,
362,2177,,,,,,,0.09902666509151459,0.5057234764099121,3365.2392578125
362,2177,,,,2.0507700443267822,0.586148738861084,3152.053466796875,,,
363,2183,,,,,,,0.08705281466245651,0.5054653286933899,3365.52587890625
363,2183,,,,2.0694611072540283,0.5856201648712158,3151.445556640625,,,
364,2189,,,,,,,0.09029164165258408,0.5070400834083557,3364.2763671875
364,2189,,,,2.0538418292999268,0.5858497619628906,3152.477294921875,,,
365,2195,,,,,,,0.02272099256515503,0.5079837441444397,3363.922607421875
365,2195,,,,2.052855968475342,0.586978018283844,3151.724853515625,,,
366,2201,,,,,,,0.011586763896048069,0.5077307820320129,3364.3154296875
366,2201,,,,2.0732064247131348,0.5865481495857239,3151.2021484375,,,
367,2207,,,,,,,0.055899180471897125,0.5046601891517639,3366.641845703125
367,2207,,,,2.0475804805755615,0.5877741575241089,3151.2744140625,,,
368,2213,,,,,,,0.06833593547344208,0.5009946823120117,3373.77294921875
368,2213,,,,2.061333179473877,0.5816154479980469,3156.98974609375,,,
369,2219,,,,,,,0.0778963565826416,0.5071882009506226,3368.539306640625
369,2219,,,,2.061124324798584,0.5854780077934265,3154.431884765625,,,
370,2225,,,,,,,0.09286381304264069,0.5062644481658936,3365.29541015625
370,2225,,,,2.09363055229187,0.5872251391410828,3152.2978515625,,,
371,2231,,,,,,,0.09488274902105331,0.5058469772338867,3364.299560546875
371,2231,,,,2.0762741565704346,0.5887066125869751,3151.185546875,,,
372,2237,,,,,,,0.02999415062367916,0.5063964128494263,3364.072021484375
372,2237,,,,2.041806936264038,0.5871348977088928,3152.104248046875,,,
373,2243,,,,,,,0.0579068697988987,0.5075089931488037,3365.048583984375
373,2243,,,,2.0055248737335205,0.5846467018127441,3153.22216796875,,,
374,2249,,,,,,,0.04514937475323677,0.5073745846748352,3363.78515625
374,2249,,,,2.0093815326690674,0.5889768004417419,3151.18603515625,,,
375,2255,,,,,,,0.015300937928259373,0.5091521739959717,3364.583984375
375,2255,,,,1.9979437589645386,0.5882193446159363,3151.66259765625,,,
376,2261,,,,,,,-0.010107136331498623,0.5088362693786621,3364.786865234375
376,2261,,,,1.9930018186569214,0.5889434218406677,3151.13916015625,,,
377,2267,,,,,,,0.03042951039969921,0.5070348381996155,3364.163818359375
377,2267,,,,2.0435564517974854,0.5892965197563171,3150.3330078125,,,
378,2273,,,,,,,0.029307641088962555,0.5068333148956299,3364.266357421875
378,2273,,,,2.032249689102173,0.5899696946144104,3150.99462890625,,,
379,2279,,,,,,,0.10644374787807465,0.5104643702507019,3364.45166015625
379,2279,,,,2.0507678985595703,0.5882650017738342,3151.25146484375,,,
380,2285,,,,,,,0.0645403191447258,0.5096254944801331,3364.048828125
380,2285,,,,2.0106654167175293,0.5901685953140259,3150.833740234375,,,
381,2291,,,,,,,0.05024870112538338,0.5116090178489685,3363.12890625
381,2291,,,,2.059281587600708,0.5891029834747314,3150.639404296875,,,
382,2297,,,,,,,0.07922405004501343,0.5103769898414612,3364.77392578125
382,2297,,,,1.9887703657150269,0.5905373692512512,3151.12890625,,,
383,2303,,,,,,,0.10149013996124268,0.5095579028129578,3365.725830078125
383,2303,,,,2.02083158493042,0.5911501049995422,3149.79931640625,,,
384,2309,,,,,,,0.07977283746004105,0.5114529132843018,3363.819091796875
384,2309,,,,2.0088281631469727,0.5916345715522766,3150.041015625,,,
385,2315,,,,,,,0.02588992938399315,0.5139595866203308,3362.736083984375
385,2315,,,,2.0223920345306396,0.590341329574585,3150.01416015625,,,
386,2321,,,,,,,0.03015407919883728,0.5088486075401306,3363.6474609375
386,2321,,,,2.0169620513916016,0.5917495489120483,3150.0673828125,,,
387,2327,,,,,,,0.016610272228717804,0.5109940767288208,3363.062744140625
387,2327,,,,2.0504441261291504,0.5901079773902893,3150.022705078125,,,
388,2333,,,,,,,0.0015015436802059412,0.5101218819618225,3362.8447265625
388,2333,,,,2.0946598052978516,0.5906423926353455,3150.8564453125,,,
389,2339,,,,,,,0.0054434663616120815,0.5122479796409607,3362.696044921875
389,2339,,,,2.10825514793396,0.5918944478034973,3149.828369140625,,,
390,2345,,,,,,,0.07464893162250519,0.5128157734870911,3363.306640625
390,2345,,,,2.049734354019165,0.5920798778533936,3149.323974609375,,,
391,2351,,,,,,,0.0808434709906578,0.511847734451294,3363.177001953125
391,2351,,,,2.080793857574463,0.5927488207817078,3148.99853515625,,,
392,2357,,,,,,,0.05936398729681969,0.5064681172370911,3364.587158203125
392,2357,,,,2.055288791656494,0.5926768779754639,3149.323486328125,,,
393,2363,,,,,,,0.11277452111244202,0.5107175707817078,3364.634521484375
393,2363,,,,2.0667061805725098,0.5897809863090515,3150.54541015625,,,
394,2369,,,,,,,0.06554786115884781,0.5123977065086365,3363.126220703125
394,2369,,,,2.0872161388397217,0.5908817648887634,3149.88427734375,,,
395,2375,,,,,,,0.03290987014770508,0.5127905607223511,3362.634765625
395,2375,,,,2.079763650894165,0.59295654296875,3149.5380859375,,,
396,2381,,,,,,,0.04707561805844307,0.5112541317939758,3363.030029296875
396,2381,,,,2.0598318576812744,0.5927644371986389,3149.346923828125,,,
397,2387,,,,,,,-0.012320654466748238,0.509781539440155,3364.10595703125
397,2387,,,,2.079050302505493,0.5928453803062439,3149.5380859375,,,
398,2393,,,,,,,0.04154922440648079,0.5103821754455566,3363.684326171875
398,2393,,,,2.0976710319519043,0.591371476650238,3150.239013671875,,,
399,2399,,,,,,,-0.09416277706623077,0.5100471377372742,3364.24560546875
399,2399,,,,2.0945191383361816,0.5927233695983887,3149.823486328125,,,
400,2405,,,,,,,-0.07860980927944183,0.5094719529151917,3364.02099609375
400,2405,,,,2.073601484298706,0.5925360321998596,3149.39501953125,,,
401,2411,,,,,,,-0.022833533585071564,0.5109574198722839,3362.86474609375
401,2411,,,,2.1324148178100586,0.5921563506126404,3149.3876953125,,,
402,2417,,,,,,,-0.016766054555773735,0.5118668675422668,3363.677490234375
402,2417,,,,2.09598445892334,0.5940707921981812,3148.710205078125,,,
403,2423,,,,,,,0.01232095155864954,0.5141478776931763,3363.339599609375
403,2423,,,,2.0955944061279297,0.5925409197807312,3149.7822265625,,,
404,2429,,,,,,,0.01181806717067957,0.5133364796638489,3363.547119140625
404,2429,,,,2.11814546585083,0.5929380655288696,3149.874755859375,,,
405,2435,,,,,,,0.034519512206315994,0.5140537023544312,3361.809814453125
405,2435,,,,2.100823402404785,0.5946403741836548,3149.31396484375,,,
406,2441,,,,,,,0.07554808259010315,0.5124209523200989,3362.30224609375
406,2441,,,,2.0894343852996826,0.5924678444862366,3149.2197265625,,,
407,2447,,,,,,,0.05035236105322838,0.5139973163604736,3364.34130859375
407,2447,,,,2.0896761417388916,0.5937212109565735,3148.501708984375,,,
408,2453,,,,,,,0.016608495265245438,0.5138533115386963,3364.444580078125
408,2453,,,,2.0605738162994385,0.594810426235199,3148.74560546875,,,
409,2459,,,,,,,-0.0769551545381546,0.5089507102966309,3365.2880859375
409,2459,,,,2.0792295932769775,0.5950232744216919,3148.390869140625,,,
410,2465,,,,,,,0.04645397141575813,0.5131511092185974,3363.10302734375
410,2465,,,,2.0775959491729736,0.5942388772964478,3148.5263671875,,,
411,2471,,,,,,,0.022527894005179405,0.515871524810791,3362.759765625
411,2471,,,,2.0985488891601562,0.5958683490753174,3148.977783203125,,,
412,2477,,,,,,,0.032753199338912964,0.5153355002403259,3362.398193359375
412,2477,,,,2.0677993297576904,0.5966053009033203,3148.850341796875,,,
413,2483,,,,,,,0.06912905722856522,0.5148922801017761,3362.347900390625
413,2483,,,,2.104989767074585,0.5963872075080872,3148.205078125,,,
414,2489,,,,,,,-0.011927942745387554,0.5136778354644775,3363.532470703125
414,2489,,,,2.0527658462524414,0.5953760147094727,3148.278076171875,,,
415,2495,,,,,,,0.016765756532549858,0.512358546257019,3363.224365234375
415,2495,,,,2.0715487003326416,0.5957385301589966,3147.846923828125,,,
416,2501,,,,,,,-0.007875552400946617,0.5144370198249817,3362.3974609375
416,2501,,,,2.0715928077697754,0.5973748564720154,3147.86669921875,,,
417,2507,,,,,,,0.0568075105547905,0.5132014751434326,3361.34619140625
417,2507,,,,2.0570099353790283,0.596647322177887,3148.340087890625,,,
418,2513,,,,,,,-0.011795854195952415,0.5136184692382812,3364.41455078125
418,2513,,,,2.0874133110046387,0.5963767766952515,3147.3916015625,,,
419,2519,,,,,,,0.046344093978405,0.5150496959686279,3361.55517578125
419,2519,,,,2.0569517612457275,0.5966739058494568,3147.9091796875,,,
420,2525,,,,,,,0.03982555866241455,0.5140288472175598,3365.485595703125
420,2525,,,,2.1030807495117188,0.5961574912071228,3148.482421875,,,
421,2531,,,,,,,0.05492125079035759,0.5099198222160339,3368.039306640625
421,2531,,,,2.069068193435669,0.5931594371795654,3150.97509765625,,,
422,2537,,,,,,,-0.010885747149586678,0.5165488719940186,3365.084716796875
422,2537,,,,2.0542216300964355,0.5954446792602539,3150.94873046875,,,
423,2543,,,,,,,0.02817363664507866,0.513119101524353,3361.91015625
423,2543,,,,2.071695566177368,0.5955551862716675,3149.912109375,,,
424,2549,,,,,,,-0.012752755545079708,0.5156974792480469,3362.545654296875
424,2549,,,,2.0618486404418945,0.5975359082221985,3147.791748046875,,,
425,2555,,,,,,,0.04376155883073807,0.5154433846473694,3362.06640625
425,2555,,,,2.0811214447021484,0.5972849726676941,3147.949951171875,,,
426,2561,,,,,,,0.03629915043711662,0.5169293880462646,3362.001708984375
426,2561,,,,2.0669543743133545,0.5972530245780945,3147.885498046875,,,
427,2567,,,,,,,0.09023240208625793,0.5160675644874573,3362.890380859375
427,2567,,,,2.0780811309814453,0.5991060137748718,3147.076171875,,,
428,2573,,,,,,,0.08180629462003708,0.5148717761039734,3362.93310546875
428,2573,,,,2.051398992538452,0.5983863472938538,3147.02734375,,,
429,2579,,,,,,,0.043335676193237305,0.5153711438179016,3362.53515625
429,2579,,,,2.102139949798584,0.5981805324554443,3147.045654296875,,,
430,2585,,,,,,,0.040077295154333115,0.5160995721817017,3362.21435546875
430,2585,,,,2.0728793144226074,0.5983176827430725,3147.491943359375,,,
431,2591,,,,,,,0.055488407611846924,0.5176083445549011,3363.527099609375
431,2591,,,,2.0807180404663086,0.5981093645095825,3147.760498046875,,,
432,2597,,,,,,,0.03991174325346947,0.5146031975746155,3362.49755859375
432,2597,,,,2.066277027130127,0.5989673733711243,3148.463134765625,,,
433,2603,,,,,,,0.028309578076004982,0.5155977606773376,3362.44873046875
433,2603,,,,2.0659289360046387,0.5967706441879272,3147.919189453125,,,
434,2609,,,,,,,0.07914053648710251,0.5149237513542175,3364.55419921875
434,2609,,,,2.0633037090301514,0.5966697931289673,3148.2080078125,,,
435,2615,,,,,,,0.04731165990233421,0.5161321759223938,3361.175048828125
435,2615,,,,2.0694761276245117,0.5977314114570618,3147.822021484375,,,
436,2621,,,,,,,0.0533284917473793,0.5145843029022217,3364.181640625
436,2621,,,,2.0508267879486084,0.5970420837402344,3147.96923828125,,,
437,2627,,,,,,,0.06971219927072525,0.5147485136985779,3361.741943359375
437,2627,,,,2.064645528793335,0.5973060131072998,3148.48974609375,,,
438,2633,,,,,,,0.00410066545009613,0.5197667479515076,3361.703369140625
438,2633,,,,2.0658347606658936,0.5988703966140747,3147.338623046875,,,
439,2639,,,,,,,0.06728189438581467,0.5150448083877563,3363.83984375
439,2639,,,,2.0504839420318604,0.5982466340065002,3148.0595703125,,,
440,2645,,,,,,,0.04632454738020897,0.5151441693305969,3365.00830078125
440,2645,,,,2.0541861057281494,0.5979329943656921,3147.41064453125,,,
441,2651,,,,,,,0.08040129393339157,0.5169967412948608,3361.03369140625
441,2651,,,,2.0484602451324463,0.5998116731643677,3147.1123046875,,,
442,2657,,,,,,,0.0687597468495369,0.5185638070106506,3362.17578125
442,2657,,,,2.072507619857788,0.5986822247505188,3147.65478515625,,,
443,2663,,,,,,,0.0015373792266473174,0.5171182751655579,3361.886474609375
443,2663,,,,2.071836233139038,0.5997910499572754,3146.958984375,,,
444,2669,,,,,,,-0.004209061153233051,0.5186505913734436,3361.595458984375
444,2669,,,,2.0609865188598633,0.600935697555542,3147.211669921875,,,
445,2675,,,,,,,0.023263856768608093,0.5149421095848083,3363.620849609375
445,2675,,,,2.0809152126312256,0.5986873507499695,3147.462646484375,,,
446,2681,,,,,,,0.04498707875609398,0.5198461413383484,3362.466796875
446,2681,,,,2.073422431945801,0.6003122329711914,3146.94873046875,,,
447,2687,,,,,,,0.048687923699617386,0.5184811353683472,3361.392578125
447,2687,,,,2.0557355880737305,0.6002761721611023,3146.863037109375,,,
448,2693,,,,,,,-0.003638059599325061,0.5167446136474609,3361.031982421875
448,2693,,,,2.096865653991699,0.5998752117156982,3146.785400390625,,,
449,2699,,,,,,,0.0005295384908095002,0.5191863179206848,3361.187255859375
449,2699,,,,2.0747673511505127,0.6006743311882019,3146.9521484375,,,
450,2705,,,,,,,-0.001294822315685451,0.516796886920929,3361.971435546875
450,2705,,,,2.0597963333129883,0.601025402545929,3146.74755859375,,,
451,2711,,,,,,,9.151420090347528e-05,0.5192537307739258,3359.7451171875
451,2711,,,,2.0652711391448975,0.6015772223472595,3145.915771484375,,,
452,2717,,,,,,,0.01887739636003971,0.5183064937591553,3361.87890625
452,2717,,,,2.034658432006836,0.601605236530304,3145.704345703125,,,
453,2723,,,,,,,0.04043920710682869,0.5188570022583008,3360.762939453125
453,2723,,,,2.0555155277252197,0.6021313071250916,3146.3876953125,,,
454,2729,,,,,,,0.03814365342259407,0.5180014371871948,3362.14794921875
454,2729,,,,2.0664076805114746,0.6016272306442261,3146.97412109375,,,
455,2735,,,,,,,0.02885718084871769,0.5178993344306946,3361.674560546875
455,2735,,,,2.065537452697754,0.6024449467658997,3146.54248046875,,,
456,2741,,,,,,,0.04550328850746155,0.518250048160553,3360.81298828125
456,2741,,,,2.056776285171509,0.600070059299469,3146.452392578125,,,
457,2747,,,,,,,0.018523186445236206,0.519537627696991,3362.032958984375
457,2747,,,,2.103323221206665,0.6009101271629333,3145.724365234375,,,
458,2753,,,,,,,0.05759056657552719,0.5173695683479309,3361.223388671875
458,2753,,,,2.053943157196045,0.6018514037132263,3145.94775390625,,,
459,2759,,,,,,,0.052190933376550674,0.5214589238166809,3360.10498046875
459,2759,,,,2.104234218597412,0.6002423167228699,3146.326904296875,,,
460,2765,,,,,,,0.06566247344017029,0.5181235671043396,3360.766357421875
460,2765,,,,2.080641031265259,0.6007616519927979,3146.071044921875,,,
461,2771,,,,,,,0.010237151756882668,0.5168938040733337,3361.72265625
461,2771,,,,2.089164972305298,0.6019039750099182,3145.858642578125,,,
462,2777,,,,,,,0.08862010389566422,0.5161111354827881,3364.00244140625
462,2777,,,,2.0635037422180176,0.6010328531265259,3146.36279296875,,,
463,2783,,,,,,,0.0835275873541832,0.5194371342658997,3362.04052734375
463,2783,,,,2.0658912658691406,0.6000973582267761,3146.103271484375,,,
464,2789,,,,,,,0.07449374347925186,0.5172225832939148,3362.082275390625
464,2789,,,,2.0530967712402344,0.6017763018608093,3145.8291015625,,,
465,2795,,,,,,,0.060686055570840836,0.5179165601730347,3360.860595703125
465,2795,,,,2.0745625495910645,0.6009243726730347,3146.02197265625,,,
466,2801,,,,,,,0.04381605237722397,0.5184293389320374,3361.065185546875
466,2801,,,,2.075833320617676,0.6018008589744568,3145.486572265625,,,
467,2807,,,,,,,0.018110038712620735,0.517065167427063,3360.999267578125
467,2807,,,,2.0850255489349365,0.6008514165878296,3146.267578125,,,
468,2813,,,,,,,0.07077335566282272,0.5176253318786621,3360.113525390625
468,2813,,,,2.0826525688171387,0.5998953580856323,3146.90185546875,,,
469,2819,,,,,,,0.11114326119422913,0.5194157361984253,3360.89892578125
469,2819,,,,2.0576043128967285,0.5981760025024414,3146.354248046875,,,
470,2825,,,,,,,0.11745033413171768,0.5179223418235779,3361.980224609375
470,2825,,,,2.0806899070739746,0.6017032265663147,3145.842529296875,,,
471,2831,,,,,,,0.01834223046898842,0.518458366394043,3362.55859375
471,2831,,,,2.0648090839385986,0.6023210883140564,3145.136474609375,,,
472,2837,,,,,,,-0.014911780133843422,0.5198549032211304,3362.377685546875
472,2837,,,,2.069533109664917,0.6020767688751221,3145.343994140625,,,
473,2843,,,,,,,0.05072552338242531,0.5193538665771484,3360.742919921875
473,2843,,,,2.05658221244812,0.6012704372406006,3146.5703125,,,
474,2849,,,,,,,0.06354402750730515,0.5195501446723938,3361.143798828125
474,2849,,,,2.059661388397217,0.6018899083137512,3145.398193359375,,,
475,2855,,,,,,,0.09113097190856934,0.5182782411575317,3360.999755859375
475,2855,,,,2.057666778564453,0.6029615998268127,3145.40625,,,
476,2861,,,,,,,0.020737888291478157,0.5182517170906067,3363.401611328125
476,2861,,,,2.0579681396484375,0.6027310490608215,3145.103271484375,,,
477,2867,,,,,,,0.058904942125082016,0.5183382034301758,3361.575927734375
477,2867,,,,2.0861454010009766,0.6001455783843994,3145.935302734375,,,
478,2873,,,,,,,0.053851813077926636,0.5193160772323608,3361.110595703125
478,2873,,,,2.0748493671417236,0.6015874147415161,3146.615234375,,,
479,2879,,,,,,,0.039230864495038986,0.5180408954620361,3360.801513671875
479,2879,,,,2.1058576107025146,0.602928638458252,3145.23583984375,,,
480,2885,,,,,,,0.10028889775276184,0.5203167200088501,3360.413330078125
480,2885,,,,2.0807461738586426,0.6019811630249023,3145.4912109375,,,
481,2891,,,,,,,0.11777552217245102,0.5194732546806335,3363.77685546875
481,2891,,,,2.1055727005004883,0.600054919719696,3146.195556640625,,,
482,2897,,,,,,,0.08480790257453918,0.5185484290122986,3362.6279296875
482,2897,,,,2.062023401260376,0.602145791053772,3146.178955078125,,,
483,2903,,,,,,,0.07026690989732742,0.5207901000976562,3360.138916015625
483,2903,,,,2.075275182723999,0.6021481156349182,3146.22509765625,,,
484,2909,,,,,,,0.027167869731783867,0.5200366377830505,3360.19580078125
484,2909,,,,2.0880112648010254,0.6017418503761292,3145.413330078125,,,
485,2915,,,,,,,0.03110179491341114,0.520471453666687,3361.76123046875
485,2915,,,,2.0719969272613525,0.6036514043807983,3144.6552734375,,,
486,2921,,,,,,,0.011310148984193802,0.5188676714897156,3360.693603515625
486,2921,,,,2.0750107765197754,0.6030808091163635,3145.442626953125,,,
487,2927,,,,,,,-0.053673818707466125,0.5176318883895874,3360.915283203125
487,2927,,,,2.0421817302703857,0.6040756702423096,3144.552001953125,,,
488,2933,,,,,,,-0.04555748775601387,0.5184939503669739,3361.27783203125
488,2933,,,,2.052269458770752,0.6041662096977234,3144.632080078125,,,
489,2939,,,,,,,0.0341552309691906,0.517186164855957,3362.38916015625
489,2939,,,,2.055539608001709,0.6041544079780579,3144.80712890625,,,
490,2945,,,,,,,0.021830430254340172,0.5200607776641846,3360.051025390625
490,2945,,,,2.085099458694458,0.602733314037323,3145.16552734375,,,
491,2951,,,,,,,0.03226245939731598,0.5198017954826355,3359.999267578125
491,2951,,,,2.0829200744628906,0.6061419248580933,3143.823486328125,,,
492,2957,,,,,,,0.0438687689602375,0.5178788304328918,3363.239501953125
492,2957,,,,2.0786666870117188,0.6032467484474182,3145.084228515625,,,
493,2963,,,,,,,0.006807590369135141,0.521216630935669,3362.862060546875
493,2963,,,,2.087088108062744,0.6031569242477417,3145.239501953125,,,
494,2969,,,,,,,0.1153934895992279,0.5196200013160706,3361.901123046875
494,2969,,,,2.0587103366851807,0.6036621928215027,3145.267822265625,,,
495,2975,,,,,,,0.07269870489835739,0.5192849040031433,3360.3037109375
495,2975,,,,2.076517105102539,0.6036367416381836,3144.887939453125,,,
496,2981,,,,,,,0.06392844766378403,0.5195055603981018,3361.1396484375
496,2981,,,,2.0621848106384277,0.6044209599494934,3145.2919921875,,,
497,2987,,,,,,,0.07399352639913559,0.5193588137626648,3360.301025390625
497,2987,,,,2.058361291885376,0.6029549837112427,3144.788330078125,,,
498,2993,,,,,,,0.07080356031656265,0.5213069915771484,3361.6171875
498,2993,,,,2.050126314163208,0.6029637455940247,3144.25390625,,,
499,2999,,,,,,,0.07180844247341156,0.5202009677886963,3360.931640625
499,2999,,,,2.0730161666870117,0.6043386459350586,3145.050537109375,,,
500,3000,0.03823380544781685,0.5017459392547607,3349.880126953125,,,,,,
